-- Popular capítulos, lições e questões dos ebooks

-- REDAÇÃO: Modelo Coringa de Redação ENEM Nota 1000
INSERT INTO chapters (id, ebook_id, title, ord) VALUES
('cap-redacao-1', 'redacao', 'Estrutura da Redação Nota 1000', 1),
('cap-redacao-2', 'redacao', 'A Fórmula Coringa Universal', 2),
('cap-redacao-3', 'redacao', 'Repertórios Socioculturais Coringas', 3);

INSERT INTO lessons (id, chapter_id, title, content, ord, est_read_min) VALUES
('les-red-1-1', 'cap-redacao-1', 'Introdução: Contextualização e Tese', 'A introdução deve apresentar o tema, contextualizá-lo e expor a tese. É fundamental que seja clara e concisa.

ELEMENTOS ESSENCIAIS:

1. Contextualização do Tema
Inicie com um repertório sociocultural "coringa" que se relacione de forma ampla com o problema proposto. Este repertório pode ser uma citação, um conceito filosófico/sociológico, um fato histórico ou uma alusão a uma obra artística.

Exemplo: Se o tema for sobre desafios sociais, pode-se iniciar com um conceito de Zygmunt Bauman sobre a liquidez das relações ou a fragilidade das instituições, ou com a ideia de Djamila Ribeiro sobre a importância de tirar problemas da invisibilidade.

2. Apresentação do Tema
Após a contextualização, apresente o tema da redação de forma clara, utilizando as palavras-chave da proposta.

3. Tese (Problematização)
Exponha o seu ponto de vista sobre o tema, geralmente apontando duas causas ou dois problemas principais que serão desenvolvidos nos parágrafos seguintes.

ESTRUTURA RECOMENDADA:
- 7-8 linhas (25% do texto)
- Clareza na apresentação do tema
- Tese bem definida com dois problemas/causas', 1, 10),

('les-red-1-2', 'cap-redacao-1', 'Desenvolvimento 1: Primeiro Argumento', 'O primeiro parágrafo de desenvolvimento deve aprofundar o primeiro problema ou causa apresentada na tese.

ELEMENTOS ESSENCIAIS:

1. Tópico Frasal
Inicie o parágrafo com uma frase que retome o primeiro problema/causa da sua tese, deixando claro qual será o foco deste desenvolvimento.

2. Repertório Sociocultural
Apresente um novo repertório "coringa" que dialogue diretamente com o problema abordado. Este repertório deve fortalecer seu argumento e demonstrar conhecimento.

EXEMPLOS DE REPERTÓRIOS:
- Karl Marx (materialismo histórico, luta de classes)
- Norberto Bobbio (democracia e garantia de direitos)
- "Vidas Secas" de Graciliano Ramos (exclusão social)

3. Argumentação e Análise
Desenvolva seu argumento, explicando como o repertório se relaciona com o problema e como afeta a sociedade. Utilize exemplos e aprofunde a discussão, mostrando as consequências.

ESTRUTURA: 7-8 linhas com argumentação sólida e bem fundamentada', 2, 12),

('les-red-1-3', 'cap-redacao-1', 'Desenvolvimento 2: Segundo Argumento', 'O segundo parágrafo de desenvolvimento segue a mesma lógica do D1, focando no segundo problema ou causa.

ELEMENTOS ESSENCIAIS:

1. Tópico Frasal
Retome o segundo problema/causa da tese.

2. Novo Repertório
Apresente um repertório diferente do D1, mantendo a diversidade de conhecimento.

3. Argumentação Distinta
Os dois parágrafos devem apresentar argumentos diferentes e bem fundamentados, evitando repetição de ideias.

DICA IMPORTANTE: Varie os repertórios entre filosofia, sociologia, literatura, história e atualidades para demonstrar amplitude de conhecimento.

ESTRUTURA: 7-8 linhas com nova perspectiva sobre o tema', 3, 12),

('les-red-1-4', 'cap-redacao-1', 'Conclusão: Proposta de Intervenção', 'A conclusão deve retomar a tese e apresentar uma proposta de intervenção detalhada.

ELEMENTOS OBRIGATÓRIOS (5 pontos):

1. AGENTE
Quem vai executar a ação? (Governo Federal, Ministério da Educação, mídia, sociedade civil, ONGs)

2. AÇÃO
O que será feito especificamente?

3. MEIO/MODO
Como será executada a ação?

4. EFEITO/FINALIDADE
Qual o objetivo da proposta?

5. DETALHAMENTO
Explicação mais específica de como a proposta funcionará na prática.

EXEMPLO DE PROPOSTA COMPLETA:
"Portanto, é imprescindível que o Ministério da Educação (AGENTE), em parceria com escolas públicas, promova campanhas educativas (AÇÃO) por meio de palestras e material didático (MEIO), a fim de conscientizar jovens sobre a importância do tema (FINALIDADE). Essas ações devem incluir capacitação de professores e distribuição de cartilhas informativas (DETALHAMENTO)."

ESTRUTURA: 7-8 linhas com proposta completa e viável', 4, 15);

-- REVISÃO: Kit Revisão Express ENEM 2025
INSERT INTO chapters (id, ebook_id, title, ord) VALUES
('cap-revisao-1', 'revisao', 'Sistema Trifásico de 30 Dias', 1),
('cap-revisao-2', 'revisao', 'Os 240 Tópicos Essenciais', 2),
('cap-revisao-3', 'revisao', 'Técnicas de Memorização Acelerada', 3);

INSERT INTO lessons (id, chapter_id, title, content, ord, est_read_min) VALUES
('les-rev-1-1', 'cap-revisao-1', 'Fase 1: Coleta Estratégica (Dias 1-10)', 'A primeira fase do Kit Revisão Express foca na absorção estratégica dos conteúdos essenciais.

OBJETIVO: Criar uma base sólida com os 240 tópicos que cobrem 85% das questões do ENEM.

ATIVIDADES PRINCIPAIS:

1. Absorção dos Tópicos Essenciais
- Estude os 240 tópicos de forma sequencial
- Foque em compreensão, não em memorização profunda
- Use técnicas de leitura dinâmica

2. Criação de Resumos Visuais
- Desenvolva mapas mentais para cada área
- Use cores e símbolos para facilitar memorização
- Mantenha resumos em 1 página por tópico

3. Simulados Diagnósticos
- Realize simulados para identificar pontos fracos
- Anote suas dificuldades específicas
- Crie lista de prioridades para Fase 2

TEMPO RECOMENDADO: 3-4 horas/dia
META: Cobertura de 80% do conteúdo prioritário', 1, 20),

('les-rev-1-2', 'cap-revisao-1', 'Fase 2: Consolidação Ativa (Dias 11-20)', 'A segunda fase transforma conhecimento passivo em ativo através de prática intensiva.

PILARES DA CONSOLIDAÇÃO:

1. Revisão Espaçada
- Revise os tópicos nos intervalos corretos
- Dia 11: revise conteúdo dos dias 1-3
- Dia 14: revise conteúdo dos dias 4-7
- Use técnica de recuperação ativa

2. Resolução Massiva de Questões
- Meta: 1.000+ questões por área de conhecimento
- Analise cada erro em profundidade
- Identifique padrões nas questões
- Crie fichas de erro para revisão final

3. Refinamento de Estratégias
- Desenvolva técnicas de eliminação de alternativas
- Pratique gerenciamento de tempo
- Aprenda a identificar "pegadinhas" comuns
- Domine as palavras-chave do ENEM

TEMPO RECOMENDADO: 4-5 horas/dia
META: 70% de acerto nos simulados', 2, 25),

('les-rev-1-3', 'cap-revisao-1', 'Fase 3: Otimização Final (Dias 21-30)', 'A fase final prepara você para o desempenho máximo no dia da prova.

FOCO PRINCIPAL: Simulação e ajuste fino

1. Simulados Cronometrados Diários
- Realize simulados completos (180 questões)
- Respeite rigorosamente o tempo de prova
- Simule o ambiente real (sem distrações)
- Analise desempenho por área

2. Revisão Express dos Gaps
- Identifique lacunas específicas restantes
- Estude apenas o que ainda gera dúvida
- Use flashcards para memorização rápida
- Revise fórmulas e conceitos-chave

3. Preparação Psicológica e Logística
- Teste o trajeto até o local de prova
- Organize materiais necessários
- Estabeleça rotina de sono adequada
- Pratique técnicas de controle de ansiedade

ESTRATÉGIAS DE PROVA:
- Ordem ideal de resolução por área
- Gestão de tempo por bloco de questões
- Técnicas de relaxamento durante a prova

TEMPO RECOMENDADO: 5-6 horas/dia
META: 80%+ de acerto e confiança total', 3, 30);

-- ESTRATÉGIAS: Estratégias Secretas para Acertar Questões
INSERT INTO chapters (id, ebook_id, title, ord) VALUES
('cap-estrategias-1', 'estrategias', 'Psicologia dos Elaboradores', 1),
('cap-estrategias-2', 'estrategias', 'Técnicas de Eliminação', 2),
('cap-estrategias-3', 'estrategias', 'Chute Estratégico por Disciplina', 3);

INSERT INTO lessons (id, chapter_id, title, content, ord, est_read_min) VALUES
('les-est-1-1', 'cap-estrategias-1', 'Scanner Neural: Análise em 30 Segundos', 'Técnica revolucionária para analisar questões mesmo sem dominar o conteúdo.

SISTEMA DE RECONHECIMENTO INSTANTÂNEO:

FASE 1 - VARREDURA ÉTICA (5 segundos)
- Elimine alternativas que contrariam direitos humanos
- Descarte opções discriminatórias ou antidemocráticas
- No ENEM, alternativas com preconceito NUNCA são corretas

FASE 2 - ANÁLISE DE PADRÃO (10 segundos)
- Identifique alternativas absurdamente longas ou curtas
- Procure números extremos vs. intermediários
- Alternativas muito específicas tendem a ser erradas
- Respostas genéricas demais também são suspeitas

FASE 3 - LÓGICA CONTEXTUAL (15 segundos)
- Analise qual alternativa melhor se encaixa no contexto
- Prefira respostas mais detalhadas e bem explicadas
- Alternativas que contradizem o enunciado são eliminadas
- Busque coerência com os textos de apoio

ESTATÍSTICA BRUTAL:
Esta técnica aumenta acerto de 20% (chute aleatório) para 65% (chute estratégico).

EXEMPLO PRÁTICO:
Questão sobre desigualdade social:
❌ Alternativa "pobres são preguiçosos" → Eliminada (Fase 1: preconceito)
❌ Alternativa com número "98,73%" → Suspeita (Fase 2: muito específico)
✅ Alternativa contextualizando fatores estruturais → Mais provável', 1, 15),

('les-est-1-2', 'cap-estrategias-1', 'Os 5 Vieses dos Elaboradores', 'Padrões psicológicos inconscientes que se repetem nas provas do ENEM.

VIÉS 1: RESPOSTA SEGURA
Elaboradores evitam colocar alternativas controversas ou que possam gerar recursos. Isso significa que respostas polêmicas raramente são corretas.

VIÉS 2: EQUILÍBRIO ESTATÍSTICO
A distribuição das alternativas A, B, C, D, E segue padrões matemáticos. Se você marcou muitas vezes "A", provavelmente está errando algo.

Estatística real ENEM 2009-2023:
- A: 18-22%
- B: 19-23%
- C: 20-24%
- D: 19-23%
- E: 18-22%

VIÉS 3: COMPLEXIDADE APARENTE
Questões aparentemente "difíceis" frequentemente têm respostas mais simples do que parecem. Não procure complexidade onde não existe.

VIÉS 4: CONTEXTUALIZAÇÃO
Respostas corretas tendem a ser mais bem contextualizadas e explicadas do que as incorretas. Alternativas vagas são geralmente erradas.

VIÉS 5: ÉTICO
Alternativas que contrariam direitos humanos ou valores democráticos são SISTEMATICAMENTE incorretas no ENEM.

APLICAÇÃO PRÁTICA:
Use esses vieses para eliminar 2-3 alternativas rapidamente, aumentando suas chances de 20% para 50%+ mesmo sem saber o conteúdo.', 2, 18);

-- APRENDIZADO: Como Aprender Qualquer Conteúdo + Absorva em 1 Hora
INSERT INTO chapters (id, ebook_id, title, ord) VALUES
('cap-aprend-1', 'aprendizado', 'Protocolo 60=10: Aprendizagem Acelerada', 1),
('cap-aprend-2', 'aprendizado', 'Técnicas de Memorização Científica', 2),
('cap-aprend-3', 'aprendizado', 'Destruindo Crenças Limitantes', 3);

INSERT INTO lessons (id, chapter_id, title, content, ord, est_read_min) VALUES
('les-apr-1-1', 'cap-aprend-1', 'Fundação Neurológica: Preparação Cerebral', 'O cérebro se reorganiza rapidamente quando há clareza de objetivo, prática ativa e feedback próximo do erro.

ROTINA DE PREPARO (9 minutos):

1. CORPO (3 minutos)
- Respiração 4-7-8: Inspire por 4s, segure 7s, expire por 8s (2 min)
- Relaxar olhos e pescoço: Movimentos circulares lentos (1 min)
- Resultado: Reduz cortisol e ativa modo foco

2. AMBIENTE (2 minutos)
- Modo avião no celular (elimina 80% das distrações)
- Mesa limpa (apenas material necessário)
- Ruído branco ou música instrumental
- Iluminação frontal (evita fadiga visual)

3. MENTE (4 minutos)
- Defina 1 objetivo mensurável específico
- Liste 3 lacunas principais a checar
- Ative timer visível
- Escreva: "Ao final deste bloco, vou [objetivo específico]"

APLICAÇÃO ENEM:
Defina um alvo de alto ROI: funções matemáticas, porcentagem, eletrostática, tabela periódica, cronologias Brasil.

Exemplo de objetivo: "Ao final deste bloco de 60 minutos, resolvo 6 questões de função do 2º grau com 80% de acerto."

CIÊNCIA POR TRÁS:
Ritmos cerebrais estáveis e redução de distrações elevam drasticamente a qualidade da codificação neural, permitindo absorver em 1 hora o equivalente a 10 horas de estudo tradicional.', 1, 12),

('les-apr-1-2', 'cap-aprend-1', 'Feynman Turbo: Técnica da Explicação Simples', 'Técnica força simplificação, detecta lacunas instantaneamente e exige organização causal - os três pilares da aprendizagem duradoura.

ROTEIRO FEYNMAN TURBO (15 minutos):

ETAPA 1: "É sobre..." (2 min)
Definição simples e direta do conceito em uma frase.
Exemplo: "Função do 2º grau é sobre parábolas que abrem pra cima ou pra baixo."

ETAPA 2: "Reconheço porque..." (3 min)
Sinais característicos que identificam o tema.
Exemplo: "Reconheço porque tem x² na equação e o gráfico forma uma curva."

ETAPA 3: "O método é..." (5 min)
Passos curtos e executáveis.
Exemplo: "O método é: 1) Identificar a, b, c; 2) Calcular delta; 3) Aplicar Bhaskara se delta ≥ 0."

ETAPA 4: "Funciona porque..." (5 min)
Intuição e lógica por trás do processo.
Exemplo: "Funciona porque o delta me diz quantas raízes existem, e Bhaskara encontra onde a parábola corta o eixo x."

EXERCÍCIO PRÁTICO:
1. Grave 60-90 segundos explicando um conceito
2. Marque os "engasgos" (partes onde você travou)
3. Transforme a explicação em 5 flashcards precisos
4. Re-explique o conceito refinado

RESULTADO: Aprendizagem 3x mais rápida e duradoura.', 2, 15),

('les-apr-1-3', 'cap-aprend-1', 'Dual Coding: Hack Visual-Verbal', 'Combinar processamento visual + verbal cria duas rotas de recuperação e amplia drasticamente a transferência de conhecimento.

SISTEMA DUAL CODING:

1. FLOW TEXT (Narrativas Visuais Sequenciais)
Transforme processos em histórias visuais:
- DNA → RNA → proteína (desenhe as 3 etapas)
- Ciclo da água (diagrama com setas e cores)
- Reações químicas (antes → durante → depois)

2. DIAGRAMAS ANOTADOS
Forças, circuitos, reações com ícones e setas direcionais:
- Física: Desenhe forças com setas coloridas no corpo
- Química: Reações com moléculas simplificadas
- Biologia: Células com organelas identificadas

PARA O ENEM:

PORTUGUÊS
- Figuras de linguagem: ícone + exemplo
- Metáfora: desenhe comparação visual
- Metonímia: ilustre a relação parte-todo

FÍSICA
- Forças: diagramas com setas no corpo
- Circuitos: fluxo de corrente com cores
- Ondas: visualize comprimento e amplitude

BIOLOGIA
- Síntese proteica: 4 cenas cinematográficas
- Ciclos biológicos: fluxogramas circulares
- Sistemas do corpo: mapas anatômicos simples

MATEMÁTICA
- Funções: gráficos com pontos-chave marcados
- Geometria: figuras com medidas anotadas
- Estatística: gráficos mentais com dados

RESULTADO: Memória visual + verbal duplica retenção.', 3, 18);

-- PADRÕES: Os Padrões que se Repetem no ENEM
INSERT INTO chapters (id, ebook_id, title, ord) VALUES
('cap-padroes-1', 'padroes', 'Os 5 Padrões Matemáticos Dominantes', 1),
('cap-padroes-2', 'padroes', 'Padrões de Linguagens e Códigos', 2),
('cap-padroes-3', 'padroes', 'Padrões de Ciências da Natureza', 3);

INSERT INTO lessons (id, chapter_id, title, content, ord, est_read_min) VALUES
('les-pad-1-1', 'cap-padroes-1', 'Padrão 1: Proporcionalidade Disfarçada', 'DESCOBERTA: 35% de todas as questões de Matemática do ENEM usam proporcionalidade escondida.

O QUE O ENEM FAZ:
Esconde regra de três, porcentagem e escalas dentro de contextos do cotidiano.

SINAIS DE RECONHECIMENTO:
- Palavras-chave: "razão", "proporção", "taxa", "cada", "para cada"
- Tabelas com duas grandezas relacionadas
- Gráficos que mostram crescimento/decrescimento linear
- Problemas de "rendimento", "consumo", "velocidade média"

TEMPLATE DE RESOLUÇÃO:

1. Identifique as duas grandezas
Pergunte: O que aumenta/diminui junto?

2. Monte a proporção
Formato: a/b = c/x

3. Resolva
Fórmula: x = (b × c)/a

4. Verifique o contexto
O resultado faz sentido na situação?

EXEMPLO ENEM 2023:
"Uma máquina produz 240 peças em 8 horas. Quantas peças produzirá em 12 horas?"

Solução:
- Grandezas: peças e tempo (diretamente proporcionais)
- Proporção: 240/8 = x/12
- Resolução: x = (240 × 12)/8 = 360 peças
- Verificação: Mais tempo = mais peças ✓

DRILL PRÁTICO:
Monte 10 questões usando este template com contextos diferentes:
- Combustível e distância
- Receita e ingredientes  
- Velocidade e tempo
- População e crescimento
- Consumo e custo

TRUQUE MORTAL:
Se você identificou proporcionalidade, já eliminou 80% da dificuldade. O resto é álgebra básica.', 1, 20),

('les-pad-1-2', 'cap-padroes-1', 'Padrão 2: Estatística Disfarçada', 'DESCOBERTA: 18% das questões de Matemática são sobre interpretar dados.

O QUE O ENEM FAZ:
Apresenta dados em gráficos/tabelas e pede interpretação usando média, mediana, moda ou análise de tendências.

SINAIS DE RECONHECIMENTO:
- Gráficos de barras, linhas ou setores
- Palavras: "média", "metade", "maioria", "concentração"
- Dados organizados em períodos (anos, meses, regiões)
- Comparações entre grupos ou categorias

TRUQUE MORTAL:
90% das questões de estatística no ENEM podem ser resolvidas apenas lendo o gráfico, sem cálculos complexos.

CONCEITOS ESSENCIAIS:

1. MÉDIA
Soma todos os valores ÷ quantidade
Quando usar: "valor médio", "em média"

2. MEDIANA
Valor do meio quando ordenados
Quando usar: "metade", "valor central"

3. MODA
Valor que mais aparece
Quando usar: "mais frequente", "maioria"

4. ANÁLISE DE TENDÊNCIAS
Crescimento, queda, estabilidade
Quando usar: "comportamento", "evolução"

ESTRATÉGIA DE RESOLUÇÃO:

Passo 1: Identifique o que o gráfico mostra
- Eixo X: geralmente tempo ou categorias
- Eixo Y: geralmente quantidades ou porcentagens

Passo 2: Leia o que a questão pede
- Não faça cálculos antes de entender a pergunta

Passo 3: Elimine alternativas impossíveis
- Compare visualmente com o gráfico
- Valores muito altos ou baixos geralmente estão errados

Passo 4: Verifique a resposta
- A resposta faz sentido com os dados apresentados?

EXEMPLO PRÁTICO:
"O gráfico mostra vendas mensais. Qual mês teve vendas acima da média?"

Técnica rápida: Olhe visualmente - barras acima da "linha imaginária do meio" têm valores acima da média.', 2, 18),

('les-pad-1-3', 'cap-padroes-1', 'Padrão 3: Geometria Aplicada', 'DESCOBERTA: 22% das questões escondem cálculos de área, volume e perímetro em situações práticas.

O QUE O ENEM FAZ:
Esconde geometria dentro de situações como construção, agricultura, decoração, embalagens.

SINAIS DE RECONHECIMENTO:
- Palavras: "terreno", "parede", "piscina", "caixa", "embalagem"
- Medidas em metros, litros, metros quadrados
- Figuras geométricas básicas (quadrado, círculo, cilindro)
- Problemas de "quantos cabe", "quanto precisa", "qual o tamanho"

FÓRMULAS QUE SALVAM 95% DOS CASOS:

ÁREAS:
- Retângulo: A = base × altura
- Quadrado: A = lado²
- Triângulo: A = (base × altura)/2
- Círculo: A = π × r² (use π = 3 ou 3,14)

VOLUMES:
- Cubo: V = lado³
- Paralelepípedo: V = comprimento × largura × altura
- Cilindro: V = π × r² × altura

PERÍMETROS:
- Soma de todos os lados
- Círculo: P = 2 × π × r

TEMPLATE DE RESOLUÇÃO:

1. Desenhe a situação
Visualize o problema geometricamente

2. Identifique a figura geométrica
Qual forma está escondida no contexto?

3. Extraia as medidas
Anote os valores dados no problema

4. Aplique a fórmula
Use a fórmula correta para a figura

5. Converta unidades se necessário
m² para cm², litros para m³, etc.

EXEMPLO TÍPICO:
"Um terreno retangular tem 12m de frente e 15m de fundo. Quantos metros de cerca são necessários para cercar todo o terreno?"

Solução:
- Figura: retângulo
- Pergunta: perímetro (cerca ao redor)
- Medidas: 12m e 15m
- Cálculo: P = 12 + 15 + 12 + 15 = 54m
- Resposta: 54 metros de cerca

ARMADILHA COMUM:
Não confunda área (m²) com perímetro (m). Leia com atenção o que a questão pede!', 3, 22);

-- Agora vamos criar chunks e questões do banco de 100 questões
-- Vou inserir as primeiras 20 questões como exemplo

INSERT INTO chunks (id, lesson_id, text, page_range) VALUES
('chunk-quest-1', 'les-red-1-1', 'Questões sobre interpretação de texto e redação', '1-10');

INSERT INTO questions (id, chunk_id, qtype, prompt, alternatives, correct_index, explanation, difficulty) VALUES
('quest-001', 'chunk-quest-1', 'multiple_choice', 'Nessa tirinha, o comportamento da mulher expressa', 
'[{"text": "revolta com a falta de sorte"}, {"text": "gosto pela prática da leitura"}, {"text": "receio pelo futuro do casamento"}, {"text": "entusiasmo com os livros de terror"}, {"text": "rejeição ao novo tipo de residência"}]',
1, 'A alternativa B é correta pois o comportamento demonstra interesse e apreciação pela leitura.', 'medium'),

('quest-002', 'chunk-quest-1', 'multiple_choice', 'O termo "downsides" no texto sobre redes sociais introduz a ideia de que o Instagram é responsável por',
'[{"text": "oferecer recursos de fotografia"}, {"text": "divulgar problemas dos usuários"}, {"text": "estimular aceitação dos seguidores"}, {"text": "provocar ansiedade nos adolescentes"}, {"text": "aproximar pessoas ao redor do mundo"}]',
3, 'O texto explica que o Instagram contribui para taxas crescentes de ansiedade e depressão em adolescentes.', 'medium'),

('quest-003', 'chunk-quest-1', 'multiple_choice', 'No poema de Carol Duffy, o eu lírico evidencia um sentimento de',
'[{"text": "contentamento com a interação virtual"}, {"text": "zelo com o envio de mensagens"}, {"text": "preocupação com a composição de textos"}, {"text": "mágoa com o comportamento de alguém"}, {"text": "insatisfação com uma forma de comunicação"}]',
4, 'O poema expressa frustração e insatisfação com a comunicação via mensagens de texto.', 'medium'),

('quest-004', 'chunk-quest-1', 'multiple_choice', 'O texto sobre Jane Austen e aplicativos de namoro aborda relações interpessoais com o objetivo de',
'[{"text": "problematizar o papel de gênero em casamentos modernos"}, {"text": "apontar a relevância da educação formal na escolha de parceiros"}, {"text": "comparar a expectativa de parceiros amorosos em épocas distintas"}, {"text": "discutir o uso de aplicativos para proporcionar encontros românticos"}, {"text": "valorizar a importância da aparência física na seleção de pretendentes"}]',
2, 'O texto compara as expectativas de parceiros entre a época de Jane Austen e os dias atuais com aplicativos.', 'hard');